{
    "split_call": "/Users/giulioisac/anaconda2/envs/vampire/lib/python3.6/site-packages/ipykernel_launcher.py -f /Users/giulioisac/Library/Jupyter/runtime/kernel-c605979a-eca0-45b6-8edf-38644351ca4b.json",
    "split_date": "2019-10-01 14:11",
    "train_paths": [
        "/Users/giulioisac/Desktop/cluster/myapps/vampire-master/analysis/deneuter_data/H10_B0.tsv",
        "/Users/giulioisac/Desktop/cluster/myapps/vampire-master/analysis/deneuter_data/H13_B0.tsv",
        "/Users/giulioisac/Desktop/cluster/myapps/vampire-master/analysis/deneuter_data/H14_B0.tsv",
        "/Users/giulioisac/Desktop/cluster/myapps/vampire-master/analysis/deneuter_data/H17_B0.tsv",
        "/Users/giulioisac/Desktop/cluster/myapps/vampire-master/analysis/deneuter_data/H19_B0.tsv",
        "/Users/giulioisac/Desktop/cluster/myapps/vampire-master/analysis/deneuter_data/H24_B0.tsv",
        "/Users/giulioisac/Desktop/cluster/myapps/vampire-master/analysis/deneuter_data/H25_B0.tsv",
        "/Users/giulioisac/Desktop/cluster/myapps/vampire-master/analysis/deneuter_data/H28_B0.tsv",
        "/Users/giulioisac/Desktop/cluster/myapps/vampire-master/analysis/deneuter_data/H29_B0.tsv",
        "/Users/giulioisac/Desktop/cluster/myapps/vampire-master/analysis/deneuter_data/H2_B0.tsv",
        "/Users/giulioisac/Desktop/cluster/myapps/vampire-master/analysis/deneuter_data/H30_B0.tsv",
        "/Users/giulioisac/Desktop/cluster/myapps/vampire-master/analysis/deneuter_data/H31_B0.tsv",
        "/Users/giulioisac/Desktop/cluster/myapps/vampire-master/analysis/deneuter_data/H32_B0.tsv",
        "/Users/giulioisac/Desktop/cluster/myapps/vampire-master/analysis/deneuter_data/H33_B0.tsv",
        "/Users/giulioisac/Desktop/cluster/myapps/vampire-master/analysis/deneuter_data/H34_B0.tsv",
        "/Users/giulioisac/Desktop/cluster/myapps/vampire-master/analysis/deneuter_data/H35_B0.tsv",
        "/Users/giulioisac/Desktop/cluster/myapps/vampire-master/analysis/deneuter_data/H36_B0.tsv",
        "/Users/giulioisac/Desktop/cluster/myapps/vampire-master/analysis/deneuter_data/H38_B0.tsv",
        "/Users/giulioisac/Desktop/cluster/myapps/vampire-master/analysis/deneuter_data/H39_B0.tsv",
        "/Users/giulioisac/Desktop/cluster/myapps/vampire-master/analysis/deneuter_data/H40_B0.tsv",
        "/Users/giulioisac/Desktop/cluster/myapps/vampire-master/analysis/deneuter_data/H4_B0.tsv",
        "/Users/giulioisac/Desktop/cluster/myapps/vampire-master/analysis/deneuter_data/H6_B0.tsv",
        "/Users/giulioisac/Desktop/cluster/myapps/vampire-master/analysis/deneuter_data/H8_B0_a.tsv"
    ],
    "test_paths": [
        "/Users/giulioisac/Desktop/cluster/myapps/vampire-master/analysis/deneuter_data/H11_B0.tsv",
        "/Users/giulioisac/Desktop/cluster/myapps/vampire-master/analysis/deneuter_data/H18_B0.tsv",
        "/Users/giulioisac/Desktop/cluster/myapps/vampire-master/analysis/deneuter_data/H20_B0.tsv",
        "/Users/giulioisac/Desktop/cluster/myapps/vampire-master/analysis/deneuter_data/H21_B0.tsv",
        "/Users/giulioisac/Desktop/cluster/myapps/vampire-master/analysis/deneuter_data/H22_B0.tsv",
        "/Users/giulioisac/Desktop/cluster/myapps/vampire-master/analysis/deneuter_data/H23_B0_a.tsv",
        "/Users/giulioisac/Desktop/cluster/myapps/vampire-master/analysis/deneuter_data/H23_B0_b.tsv",
        "/Users/giulioisac/Desktop/cluster/myapps/vampire-master/analysis/deneuter_data/H26_B0.tsv",
        "/Users/giulioisac/Desktop/cluster/myapps/vampire-master/analysis/deneuter_data/H3_B0.tsv",
        "/Users/giulioisac/Desktop/cluster/myapps/vampire-master/analysis/deneuter_data/H41_B0.tsv",
        "/Users/giulioisac/Desktop/cluster/myapps/vampire-master/analysis/deneuter_data/H7_B0.tsv",
        "/Users/giulioisac/Desktop/cluster/myapps/vampire-master/analysis/deneuter_data/H8_B0_b.tsv"
    ],
    "train_tsv_path": "/Users/giulioisac/Desktop/cluster/myapps/vampire-master/analysis/input/out_deneuter/deneuter.train.tsv"
}